Brigadier,École,Type,Niveau,Enseignant remplacé
ROBERT Nathan,BASTIDE EE,classe,CP,Mme Dupont
DAVID Zoé,BASTIDE EE,classe,CP,M. Martin
GIRARD Manon,BASTIDE EE,classe,CP,Mme Leroy
RICHARD Lina,BASTIDE EE,classe,CE1,M. Bernard
VINCENT Tom,BASTIDE EE,classe,CE1,Mme Petit
ANDRE Axel,BASTIDE EE,classe,CE1/CE2,M. Robert
MERCIER Enzo,BASTIDE EE,classe,CE1/CE2,Mme Moreau
LAMBERT Paul,BASTIDE EE,classe,CE2/CM1,M. Simon
BERNARD Inès,BASTIDE EE,classe,CE2/CM1/CM2,Mme Laurent
MOREAU Jade,BASTIDE EE,classe,CE2/CM1/CM2,M. Michel
MARTIN Hugo,BASTIDE EE,classe,CE2/CM1/CM2,Mme Dupont
MOREL Sacha,BASTIDE EE,classe,CM1/CM2,M. Martin
LEMAIRE Nina,BASTIDE EE,classe,CM1/CM2,Mme Leroy
ROBERT Nathan,BASTIDE EMPU,classe,TPS/PS,M. Bernard
MERCIER Enzo,BASTIDE EMPU,classe,MS,Mme Petit
LEFEBVRE Jules,BASTIDE EMPU,classe,GS,M. Robert
VINCENT Tom,BASTIDE EMPU,classe,GS,Mme Moreau
BERNARD Inès,BASTIDE EMPU,classe,Surnuméraire,M. Simon
MOREAU Jade,BASTIDE EMPU,classe,Surnuméraire,Mme Laurent
BERNARD Inès,BILLIERES EE,classe,CP,M. Michel
LAMBERT Paul,BILLIERES EE,classe,CP,Mme Dupont
SIMON Louis,BILLIERES EE,classe,CP,M. Martin
DAVID Zoé,BILLIERES EE,classe,CP,Mme Leroy
BERTRAND Noé,BILLIERES EE,classe,CP,M. Bernard
DURAND Alice,BILLIERES EE,classe,CE1,Mme Petit
MOREAU Jade,BILLIERES EE,classe,CE1,M. Robert
ANDRE Axel,BILLIERES EE,classe,CE1,Mme Moreau
VINCENT Tom,BILLIERES EE,classe,CE2,M. Simon
MARTIN Hugo,BILLIERES EE,classe,CE2,Mme Laurent
GARCIA Maël,BILLIERES EE,classe,CM1,M. Michel
MICHEL Anna,BILLIERES EE,classe,CM1/CM2,Mme Dupont
MOREL Sacha,BILLIERES EE,classe,CM1/CM2,M. Martin
LEMAIRE Nina,BILLIERES EE,classe,CM1/CM2,Mme Leroy
LAURENT Chloé,BILLIERES EE,classe,CM2,M. Bernard
GIRARD Manon,BILLIERES_AUCH EMPU,classe,TPS/PS,Mme Petit
ROBERT Nathan,BILLIERES_AUCH EMPU,classe,PS/MS,M. Robert
BONNET Lou,BILLIERES_AUCH EMPU,classe,PS/MS,Mme Moreau
RICHARD Lina,BILLIERES_AUCH EMPU,classe,GS,M. Simon
MERCIER Enzo,BILLIERES_AUCH EMPU,classe,GS,Mme Laurent
LEFEBVRE Jules,BILLIERES_DESBALS EMPU,classe,TPS/PS,M. Michel
ROUX Eva,BILLIERES_DESBALS EMPU,classe,PS/MS,Mme Dupont
FOURNIER Léna,BILLIERES_DESBALS EMPU,classe,MS/GS,M. Martin
DUPONT Mila,BILLIERES_DESBALS EMPU,classe,MS/GS,Mme Leroy
PETIT Gabriel,BILLIERES_DESBALS EMPU,classe,GS,M. Bernard
Wolff Mathide,BUFFON EE,classe,CP,Mme Petit
RICHARD Lina,BUFFON EE,classe,CP,M. Robert
GARCIA Maël,BUFFON EE,classe,CP,Mme Moreau
BONNET Lou,BUFFON EE,classe,CP,M. Simon
FOURNIER Léna,BUFFON EE,classe,CE1,Mme Laurent
DUPONT Mila,BUFFON EE,classe,CE1,M. Michel
MICHEL Anna,BUFFON EE,classe,CE1,Mme Dupont
MARTIN Hugo,BUFFON EE,classe,CE1,M. Martin
ROUX Eva,BUFFON EE,classe,CE2,Mme Leroy
LAMBERT Paul,BUFFON EE,classe,CE2,M. Bernard
LAURENT Chloé,BUFFON EE,classe,CE2,Mme Petit
PETIT Gabriel,BUFFON EE,classe,CM1/CM2,M. Robert
SIMON Louis,BUFFON EE,classe,CM1/CM2,Mme Moreau
DAVID Zoé,BUFFON EE,classe,CM1/CM2,M. Simon
MOREL Sacha,BUFFON EE,classe,CM1/CM2,Mme Laurent
ANDRE Axel,BUFFON EE,classe,CM1/CM2,M. Michel
LEMAIRE Nina,BUFFON EE,classe,ULIS,Mme Dupont
BERTRAND Noé,BUFFON EE,classe,Surnuméraire,M. Martin
GIRARD Manon,BUFFON EE,classe,Surnuméraire,Mme Leroy
DAVID Zoé,BUFFON EMPU,classe,TPS,M. Bernard
RICHARD Lina,BUFFON EMPU,classe,PS,Mme Petit
PETIT Gabriel,BUFFON EMPU,classe,PS/MS,M. Robert
LEFEBVRE Jules,BUFFON EMPU,classe,PS/MS,Mme Moreau
BERTRAND Noé,BUFFON EMPU,classe,PS/MS,M. Simon
BERNARD Inès,BUFFON EMPU,classe,MS,Mme Laurent
ROBERT Nathan,BUFFON EMPU,classe,GS,M. Michel
GIRARD Manon,BUFFON EMPU,classe,Surnuméraire,Mme Dupont
LAURENT Chloé,BUFFON EMPU,classe,GS,M. Martin
MICHEL Anna,BUFFON EMPU,classe,GS,Mme Leroy
GARCIA Maël,BUFFON EMPU,classe,GS,M. Bernard
MERCIER Enzo,CLAUDEL EMPU,classe,TPS/PS,Mme Petit
BONNET Lou,CLAUDEL EMPU,classe,TPS/PS,M. Robert
MARTIN Hugo,CLAUDEL EMPU,classe,MS,Mme Moreau
ROBERT Nathan,CLAUDEL EMPU,classe,GS,M. Simon
VINCENT Tom,CLAUDEL EMPU,classe,GS,Mme Laurent
MOREAU Jade,CLAUDEL EMPU,classe,Surnuméraire,M. Michel
GARCIA Maël,DAURAT EE,classe,CP,Mme Dupont
MOREL Sacha,DAURAT EE,classe,CP/CE1,M. Martin
ANDRE Axel,DAURAT EE,classe,CE1/CE2,Mme Leroy
BONNET Lou,DAURAT EE,classe,CE1/CE2,M. Bernard
PETIT Gabriel,DAURAT EE,classe,CE2,Mme Petit
SIMON Louis,DAURAT EE,classe,CM1/CM2,M. Robert
LEMAIRE Nina,DAURAT EE,classe,CM1/CM2,Mme Moreau
ROBERT Nathan,DAURAT EMPU,classe,TPS/PS,M. Simon
LAURENT Chloé,DAURAT EMPU,classe,PS/MS,Mme Laurent
RICHARD Lina,DAURAT EMPU,classe,MS/GS,M. Michel
MICHEL Anna,DAURAT EMPU,classe,MS/GS,Mme Dupont
FOURNIER Léna,DAURIAC EE,classe,CP,M. Martin
DUPONT Mila,DAURIAC EE,classe,CP,Mme Leroy
DAVID Zoé,DAURIAC EE,classe,CP,M. Bernard
BONNET Lou,DAURIAC EE,classe,CP,Mme Petit
ROUX Eva,DAURIAC EE,classe,CE1,M. Robert
LAURENT Chloé,DAURIAC EE,classe,CE1,Mme Moreau
BERTRAND Noé,DAURIAC EE,classe,CE1,M. Simon
RICHARD Lina,DAURIAC EE,classe,CE2,Mme Laurent
LAMBERT Paul,DAURIAC EE,classe,CE2,M. Michel
BERNARD Inès,DAURIAC EE,classe,CM1/CM2,Mme Dupont
ROBERT Nathan,DAURIAC EE,classe,CM1/CM2,M. Martin
LEFEBVRE Jules,DAURIAC EE,classe,CM1/CM2,Mme Leroy
GIRARD Manon,DAURIAC EE,classe,CM1/CM2,M. Bernard
ANDRE Axel,DAURIAC EE,classe,ULIS,Mme Petit
MICHEL Anna,DAURIAC EE,classe,Surnuméraire,M. Robert
VINCENT Tom,DAURIAC EMPU,classe,TPS/PS,Mme Moreau
DURAND Alice,DAURIAC EMPU,classe,PS/MS,M. Simon
MERCIER Enzo,DAURIAC EMPU,classe,GS,Mme Laurent
MARTIN Hugo,DAURIAC EMPU,classe,GS,M. Michel
PETIT Gabriel,DAURIAC EMPU,classe,Surnuméraire,Mme Dupont
GARCIA Maël,DIEUZAIDE EMPU,classe,PS/MS,M. Martin
BONNET Lou,DIEUZAIDE EMPU,classe,PS/MS,Mme Leroy
DURAND Alice,DIEUZAIDE EMPU,classe,MS/GS,M. Bernard
MOREAU Jade,DIEUZAIDE EMPU,classe,MS/GS,Mme Petit
DURAND Alice,DOTTIN EE,classe,CM1/CM2,M. Robert
ROBERT Nathan,DOTTIN EE,classe,Surnuméraire,Mme Moreau
PETIT Gabriel,DOTTIN EE,classe,CP,M. Simon
SIMON Louis,DOTTIN EE,classe,CP,Mme Laurent
LAURENT Chloé,DOTTIN EE,classe,CP,M. Michel
LEFEBVRE Jules,DOTTIN EE,classe,CM1/CM2,Mme Dupont
MICHEL Anna,DOTTIN EE,classe,CM1/CM2,M. Martin
DAVID Zoé,DOTTIN EE,classe,ULIS,Mme Leroy
BERTRAND Noé,DOTTIN EE,classe,CE2,M. Bernard
VINCENT Tom,DOTTIN EE,classe,CP/CE1,Mme Petit
MOREL Sacha,DOTTIN EE,classe,CE1,M. Robert
GIRARD Manon,DOTTIN EE,classe,CE2,Mme Moreau
ANDRE Axel,DOTTIN EE,classe,CE1,M. Simon
LEMAIRE Nina,DOTTIN EE,classe,CE1,Mme Laurent
DUPONT Mila,DOTTIN EE,classe,CM1,M. Michel
BONNET Lou,DOTTIN EE,classe,CM1/CM2,Mme Dupont
MARTIN Hugo,FALCUCCI EE,classe,CP/CE1,M. Martin
RICHARD Lina,FALCUCCI EE,classe,Surnuméraire,Mme Leroy
PETIT Gabriel,FALCUCCI EE,classe,CE1/CE2,M. Bernard
LAURENT Chloé,FALCUCCI EE,classe,CE1/CE2,Mme Petit
LEFEBVRE Jules,FALCUCCI EE,classe,CP,M. Robert
MICHEL Anna,FALCUCCI EE,classe,CM1/CM2,Mme Moreau
ROUX Eva,FALCUCCI EE,classe,CM1/CM2,M. Simon
VINCENT Tom,FALCUCCI EE,classe,CM1/CM2,Mme Laurent
FOURNIER Léna,FALCUCCI EE,classe,CM1/CM2,M. Michel
GIRARD Manon,FALCUCCI EE,classe,CE1/CE2,Mme Dupont
MERCIER Enzo,FALCUCCI EE,classe,CP,M. Martin
DUPONT Mila,FALCUCCI EE,classe,CE1/CE2,Mme Leroy
LAMBERT Paul,FALCUCCI EE,classe,CE1/CE2,M. Bernard
DAVID Zoé,FALCUCCI EMPU,classe,TPS/PS/MS,Mme Petit
BERTRAND Noé,FALCUCCI EMPU,classe,TPS/PS/MS,M. Robert
ANDRE Axel,FALCUCCI EMPU,classe,PS/MS,Mme Moreau
DURAND Alice,FALCUCCI EMPU,classe,GS,M. Simon
BERNARD Inès,FALCUCCI EMPU,classe,GS,Mme Laurent
GARCIA Maël,FALCUCCI EMPU,classe,GS,M. Michel
ROBERT Nathan,FALCUCCI EMPU,classe,Surnuméraire,Mme Dupont
ANDRE Axel,FALCUCCI EMPU,classe,Surnuméraire,M. Martin
LAMBERT Paul,FAUCHER EE,classe,CE1/CE2,Mme Leroy
GARCIA Maël,FAUCHER EE,classe,CE1/CE2,M. Bernard
LEMAIRE Nina,FAUCHER EE,classe,CE1/CE2,Mme Petit
FOURNIER Léna,FAUCHER EE,classe,CM1/CM2,M. Robert
ROUX Eva,FAUCHER EE,classe,CM1/CM2,Mme Moreau
DAVID Zoé,FAUCHER EE,classe,CP,M. Simon
BERTRAND Noé,FAUCHER EE,classe,CP,Mme Laurent
BONNET Lou,FAUCHER EE,classe,ULIS,M. Michel
GIRARD Manon,FAUCHER EMPU,classe,TPS/PS,Mme Dupont
BERNARD Inès,FAUCHER EMPU,classe,PS/MS,M. Martin
RICHARD Lina,FAUCHER EMPU,classe,PS/MS,Mme Leroy
LAURENT Chloé,FAUCHER EMPU,classe,MS/GS,M. Bernard
MOREL Sacha,FAUCHER EMPU,classe,GS,Mme Petit
MERCIER Enzo,FAUCHER EMPU,classe,GS,M. Robert
GARCIA Maël,GALIA EMPU,classe,TPS/PS,Mme Moreau
RICHARD Lina,GALIA EMPU,classe,MS/GS,M. Simon
MOREAU Jade,GALIA EMPU,classe,MS/GS,Mme Laurent
MARTIN Hugo,GALIA EMPU,classe,Surnuméraire,M. Michel
ROBERT Nathan,HERITIER EE,classe,CP,Mme Dupont
MOREAU Jade,HERITIER EE,classe,CE1,M. Martin
SIMON Louis,HERITIER EE,classe,CE2,Mme Leroy
DUPONT Mila,HERITIER EE,classe,CM1/CM2,M. Bernard
MICHEL Anna,HERITIER EE,classe,CM1/CM2,Mme Petit
DURAND Alice,HERITIER EE,classe,ULIS,M. Robert
MARTIN Hugo,HERITIER EE,classe,Surnuméraire,Mme Moreau
DURAND Alice,HUGO EE,classe,CP,M. Simon
BERNARD Inès,HUGO EE,classe,CP,Mme Laurent
LAMBERT Paul,HUGO EE,classe,CP,M. Michel
ANDRE Axel,HUGO EE,classe,CP,Mme Dupont
ROUX Eva,HUGO EE,classe,CE1,M. Martin
MOREL Sacha,HUGO EE,classe,CE1,Mme Leroy
LEMAIRE Nina,HUGO EE,classe,CE1,M. Bernard
BONNET Lou,HUGO EE,classe,CE1,Mme Petit
DUPONT Mila,HUGO EE,classe,CE2,M. Robert
LEFEBVRE Jules,HUGO EE,classe,CE2,Mme Moreau
MICHEL Anna,HUGO EE,classe,CE2,M. Simon
GARCIA Maël,HUGO EE,classe,CM1,Mme Laurent
RICHARD Lina,HUGO EE,classe,CM1/CM2,M. Michel
LAURENT Chloé,HUGO EE,classe,CM1/CM2,Mme Dupont
VINCENT Tom,HUGO EE,classe,CM1/CM2,M. Martin
MERCIER Enzo,HUGO EE,classe,CM1/CM2,Mme Leroy
ROBERT Nathan,HUGO EE,classe,ULIS,M. Bernard
DAVID Zoé,HUGO EMPU,classe,TPS/PS,Mme Petit
GIRARD Manon,HUGO EMPU,classe,TPS/PS,M. Robert
BERTRAND Noé,HUGO EMPU,classe,PS/MS,Mme Moreau
SIMON Louis,HUGO EMPU,classe,MS,M. Simon
FOURNIER Léna,HUGO EMPU,classe,GS,Mme Laurent
PETIT Gabriel,HUGO EMPU,classe,GS,M. Michel
MOREAU Jade,HUGO EMPU,classe,GS,Mme Dupont
MARTIN Hugo,HUGO EMPU,classe,GS,M. Martin
RICHARD Lina,HYON EE,classe,CP,Mme Leroy
GARCIA Maël,HYON EE,classe,CP,M. Bernard
FOURNIER Léna,HYON EE,classe,CP/CE1,Mme Petit
LEFEBVRE Jules,HYON EE,classe,CP/CE1,M. Robert
LEMAIRE Nina,HYON EE,classe,CE1,Mme Moreau
LAURENT Chloé,HYON EE,classe,CE2,M. Simon
MICHEL Anna,HYON EE,classe,CE2,Mme Laurent
SIMON Louis,HYON EE,classe,CM1,M. Michel
PETIT Gabriel,HYON EE,classe,CM2,Mme Dupont
BERNARD Inès,HYON EE,classe,ULIS,M. Martin
DURAND Alice,HYON EE,classe,Surnuméraire,Mme Leroy
LAMBERT Paul,HYON EE,classe,Surnuméraire,M. Bernard
GIRARD Manon,HYON EMPU,classe,TPS/PS,Mme Petit
DUPONT Mila,HYON EMPU,classe,PS/MS,M. Robert
MOREL Sacha,HYON EMPU,classe,MS,Mme Moreau
ROUX Eva,HYON EMPU,classe,MS/GS,M. Simon
ANDRE Axel,HYON EMPU,classe,GS,Mme Laurent
DAVID Zoé,HYON EMPU,classe,Surnuméraire,M. Michel
BERTRAND Noé,HYON EMPU,classe,Surnuméraire,Mme Dupont
BERNARD Inès,LALANDE EE,classe,CP,M. Martin
LAURENT Chloé,LALANDE EE,classe,CP,Mme Leroy
DAVID Zoé,LALANDE EE,classe,CP,M. Bernard
ANDRE Axel,LALANDE EE,classe,CP co,Mme Petit
MARTIN Hugo,LALANDE EE,classe,CP co,M. Robert
FOURNIER Léna,LALANDE EE,classe,CE1,Mme Moreau
ROBERT Nathan,LALANDE EE,classe,CE1,M. Simon
SIMON Louis,LALANDE EE,classe,CE1,Mme Laurent
LEFEBVRE Jules,LALANDE EE,classe,CE1 co,M. Michel
VINCENT Tom,LALANDE EE,classe,CE1 co,Mme Dupont
MOREL Sacha,LALANDE EE,classe,CE1 co,M. Martin
LEMAIRE Nina,LALANDE EE,classe,CE1 co,Mme Leroy
ROUX Eva,LALANDE EE,classe,CE2,M. Bernard
DUPONT Mila,LALANDE EE,classe,CE2,Mme Petit
MICHEL Anna,LALANDE EE,classe,CE2/CM2,M. Robert
LAMBERT Paul,LALANDE EE,classe,CM1,Mme Moreau
PETIT Gabriel,LALANDE EE,classe,CM1,M. Simon
GIRARD Manon,LALANDE EE,classe,CM1,Mme Laurent
RICHARD Lina,LALANDE EE,classe,CM2,M. Michel
BERTRAND Noé,LALANDE EE,classe,CM2,Mme Dupont
MERCIER Enzo,LALANDE EE,classe,ULIS,M. Martin
GARCIA Maël,LOUISE MICHEL EMPU,classe,TPS/PS,Mme Leroy
MOREL Sacha,LOUISE MICHEL EMPU,classe,PS/MS,M. Bernard
MOREAU Jade,LOUISE MICHEL EMPU,classe,MS/GS,Mme Petit
LEMAIRE Nina,LOUISE MICHEL EMPU,classe,MS/GS,M. Robert
SIMON Louis,LOUISE MICHEL EMPU,classe,Surnuméraire,Mme Moreau
SIMON Louis,MONNET EMPU,classe,GS,M. Simon
ROUX Eva,PINHOUS EMPU,classe,Surnuméraire,Mme Laurent
GARCIA Maël,MONNET EMPU,classe,GS,M. Michel
PETIT Gabriel,MONNET EMPU,classe,GS co,Mme Dupont
LAURENT Chloé,MONNET EMPU,classe,GS co,M. Martin
LEFEBVRE Jules,MONNET EMPU,classe,GS co,Mme Leroy
MICHEL Anna,MONNET EMPU,classe,GS co,M. Bernard
BERTRAND Noé,MONNET EMPU,classe,PS/MS,Mme Petit
ROUX Eva,MONNET EMPU,classe,PS/MS,M. Robert
DUPONT Mila,MONNET EMPU,classe,PS/MS,Mme Moreau
BERNARD Inès,PINHOUS EMPU,classe,MS/GS,M. Simon
BONNET Lou,MONNET EMPU,classe,PS/MS,Mme Laurent
DUPONT Mila,PAGNOL EE,classe,CP,M. Michel
ROUX Eva,PAGNOL EE,classe,CP/CE1,Mme Dupont
MOREAU Jade,PAGNOL EE,classe,CE1/CE2,M. Martin
MARTIN Hugo,PAGNOL EE,classe,CE1/CE2,Mme Leroy
GIRARD Manon,PAGNOL EE,classe,CE2/CM1,M. Bernard
DAVID Zoé,PAGNOL EE,classe,CM1/CM2,Mme Petit
BERTRAND Noé,PAGNOL EE,classe,CM1/CM2,M. Robert
FOURNIER Léna,PAGNOL EE,classe,Surnuméraire,Mme Moreau
VINCENT Tom,PAGNOL EE,classe,Surnuméraire,M. Simon
LAMBERT Paul,PAGNOL EMPU,classe,TPS/PS,Mme Laurent
BERNARD Inès,PAGNOL EMPU,classe,PS/MS,M. Michel
LEFEBVRE Jules,PAGNOL EMPU,classe,MS/GS,Mme Dupont
DURAND Alice,PAGNOL EMPU,classe,GS,M. Martin
MERCIER Enzo,PAGNOL EMPU,classe,GS,Mme Leroy
DURAND Alice,PAPUS EE,classe,CP,M. Bernard
ROBERT Nathan,PAPUS EE,classe,CP,Mme Petit
LAMBERT Paul,PAPUS EE,classe,CP,M. Robert
PETIT Gabriel,PAPUS EE,classe,CP,Mme Moreau
BONNET Lou,PAPUS EE,classe,CP,M. Simon
ROUX Eva,PAPUS EE,classe,CE1,Mme Laurent
MOREAU Jade,PAPUS EE,classe,CE1,M. Michel
VINCENT Tom,PAPUS EE,classe,CE1,Mme Dupont
MOREL Sacha,PAPUS EE,classe,CE1,M. Martin
FOURNIER Léna,PAPUS EE,classe,CE2,Mme Leroy
ANDRE Axel,PAPUS EE,classe,CE2,M. Bernard
MERCIER Enzo,PAPUS EE,classe,CE2,Mme Petit
RICHARD Lina,PAPUS EE,classe,CM1/CM2,M. Robert
DUPONT Mila,PAPUS EE,classe,CM1/CM2,Mme Moreau
MICHEL Anna,PAPUS EE,classe,CM1/CM2,M. Simon
LEMAIRE Nina,PAPUS EE,classe,CM1/CM2,Mme Laurent
MARTIN Hugo,PAPUS EE,classe,CM1/CM2,M. Michel
LAURENT Chloé,PAPUS EE,classe,Surnuméraire,Mme Dupont
LEFEBVRE Jules,PAPUS EE,classe,Surnuméraire,M. Martin
DAVID Zoé,PAPUS EMPU,classe,PS/MS,Mme Leroy
BERTRAND Noé,PAPUS EMPU,classe,PS/MS,M. Bernard
BERNARD Inès,PAPUS EMPU,classe,MS/GS,Mme Petit
SIMON Louis,PAPUS EMPU,classe,MS/GS OU GS,M. Robert
GIRARD Manon,PAPUS EMPU,classe,GS,Mme Moreau
GARCIA Maël,PAPUS EMPU,classe,Surnuméraire,M. Simon
MERCIER Enzo,PINHOUS EMPU,classe,MS/GS,Mme Laurent
LAMBERT Paul,PINHOUS EMPU,classe,PS/MS,M. Michel
FOURNIER Léna,PINHOUS EMPU,classe,TPS/PS,Mme Dupont
DURAND Alice,MONNET EMPU,classe,TPS/PS,M. Martin
FOURNIER Léna,MONNET EMPU,classe,TPS/PS,Mme Leroy
BERNARD Inès,RENAN EE,classe,CP,M. Bernard
DUPONT Mila,RENAN EE,classe,CP,Mme Petit
LAURENT Chloé,RENAN EE,classe,CP,M. Robert
MERCIER Enzo,RENAN EE,classe,CP,Mme Moreau
ANDRE Axel,RENAN EE,classe,CE1,M. Simon
ROBERT Nathan,RENAN EE,classe,CE1 co,Mme Laurent
RICHARD Lina,RENAN EE,classe,CE1 co,M. Michel
MOREL Sacha,RENAN EE,classe,CE1/CE2,Mme Dupont
FOURNIER Léna,RENAN EE,classe,CE2,M. Martin
LEMAIRE Nina,RENAN EE,classe,CE2,Mme Leroy
DURAND Alice,RENAN EE,classe,CM1,M. Bernard
GARCIA Maël,RENAN EE,classe,CM1,Mme Petit
MOREAU Jade,RENAN EE,classe,CM2,M. Robert
MICHEL Anna,RENAN EE,classe,CM2,Mme Moreau
VINCENT Tom,RENAN EE,classe,ULIS,M. Simon
DAVID Zoé,RENAN EMPU,classe,PS,Mme Laurent
GIRARD Manon,RENAN EMPU,classe,PS,M. Michel
ROUX Eva,RENAN EMPU,classe,PS/MS,Mme Dupont
BONNET Lou,RENAN EMPU,classe,PS/MS,M. Martin
MARTIN Hugo,RENAN EMPU,classe,MS,Mme Leroy
LAMBERT Paul,RENAN EMPU,classe,MS/GS,M. Bernard
SIMON Louis,RENAN EMPU,classe,MS/GS,Mme Petit
PETIT Gabriel,RENAN EMPU,classe,GS,M. Robert
LEFEBVRE Jules,RENAN EMPU,classe,GS,Mme Moreau
BERTRAND Noé,RENAN EMPU,classe,GS,M. Simon
VINCENT Tom,RONSARD EE,classe,CP,Mme Laurent
MERCIER Enzo,RONSARD EE,classe,CP,M. Michel
DURAND Alice,RONSARD EE,classe,CE1/CE2,Mme Dupont
SIMON Louis,RONSARD EE,classe,CE1/CE2,M. Martin
FOURNIER Léna,RONSARD EE,classe,CM1/CM2,Mme Leroy
LEMAIRE Nina,RONSARD EE,classe,CE2,M. Bernard
LAMBERT Paul,RONSARD EE,classe,CM1/CM2,Mme Petit
MOREAU Jade,RONSARD EE,classe,CM1/CM2,M. Robert
MARTIN Hugo,RONSARD EE,classe,CM1/CM2,Mme Moreau
BONNET Lou,RONSARD EMPU,classe,TPS/PS,M. Simon
ROUX Eva,RONSARD EMPU,classe,PS/MS,Mme Laurent
DUPONT Mila,RONSARD EMPU,classe,MS/GS,M. Michel
ANDRE Axel,RONSARD EMPU,classe,MS/GS,Mme Dupont
MOREL Sacha,RONSARD EMPU,classe,GS,M. Martin
MOREAU Jade,TABAR EMPU,classe,PS/MS,Mme Leroy
SIMON Louis,TABAR EMPU,classe,PS/MS,M. Bernard
MOREL Sacha,TABAR EMPU,classe,PS/GS,Mme Petit
LEMAIRE Nina,TABAR EMPU,classe,GS,M. Robert
BONNET Lou,TABAR EMPU,classe,Surnuméraire,Mme Moreau
PETIT Gabriel,TRIOLET EE,classe,CP,M. Simon
BONNET Lou,TRIOLET EE,classe,CP/CE1,Mme Laurent
MERCIER Enzo,TRIOLET EE,classe,CE1,M. Michel
DURAND Alice,TRIOLET EE,classe,CE2,Mme Dupont
VINCENT Tom,TRIOLET EE,classe,CE2,M. Martin
LEFEBVRE Jules,TRIOLET EE,classe,CM1,Mme Leroy
ANDRE Axel,TRIOLET EE,classe,CM2,M. Bernard
MARTIN Hugo,TRIOLET EMPU,classe,TPS/PS/MS,Mme Petit
LAMBERT Paul,TRIOLET EMPU,classe,PS/MS,M. Robert
GARCIA Maël,TRIOLET EMPU,classe,PS/MS,Mme Moreau
ROBERT Nathan,TRIOLET EMPU,classe,GS,M. Simon
RICHARD Lina,TRIOLET EMPU,classe,GS,Mme Laurent
BERNARD Inès,VEIL EE,classe,CP,M. Michel
DAVID Zoé,VEIL EE,classe,CP,Mme Dupont
GIRARD Manon,VEIL EE,classe,CP,M. Martin
MOREAU Jade,VEIL EE,classe,CE1/CE2,Mme Leroy
SIMON Louis,VEIL EE,classe,CE1/CE2,M. Bernard
MICHEL Anna,VEIL EE,classe,CE1/CE2,Mme Petit
MOREL Sacha,VEIL EE,classe,CE1/CE2,M. Robert
LEMAIRE Nina,VEIL EE,classe,CE1/CE2,Mme Moreau
FOURNIER Léna,VEIL EE,classe,CM1/CM2,M. Simon
ROUX Eva,VEIL EE,classe,CM1/CM2,Mme Laurent
LAURENT Chloé,VEIL EE,classe,CM1/CM2,M. Michel
BERTRAND Noé,VEIL EE,classe,CM1/CM2,Mme Dupont
DUPONT Mila,HUGO EM,classe,ULIS,M. Martin
VINCENT Tom,VEIL EMPU,classe,TPS/PS/MS,Mme Leroy
PETIT Gabriel,VEIL EMPU,classe,PS/MS,M. Bernard
LEFEBVRE Jules,VEIL EMPU,classe,GS,Mme Petit
